[
    {
        "myThought": "I feel like I’m letting everyone down.",
        "clarificationOfThought": "This feeling might be due to a combination of self-blame and overgeneralization.",
        "thoughtCategories": ["Self-Blame", "Magnification of the Negative"],
        "automaticThought": "I feel like I'm letting everyone down.",
        "challengeThought": "I'm not perfect, and it's not possible to please everyone all the time.",
        "alternativeThought": "I'm doing the best I can, and that's enough."
    },
    {
        "myThought": "I feel like I’m always failing.",
        "clarificationOfThought": "This could stem from setting unrealistic expectations for yourself.",
        "thoughtCategories": ["Perfectionism", "All-or-Nothing Thinking"],
        "automaticThought": "I never succeed at anything.",
        "challengeThought": "Failure is a normal part of growth, and everyone makes mistakes.",
        "alternativeThought": "Each failure teaches me something valuable for the future."
    },
    {
        "myThought": "I can’t handle all this stress.",
        "clarificationOfThought": "This thought might come from feeling overwhelmed and unsupported.",
        "thoughtCategories": ["Catastrophizing", "Overgeneralization"],
        "automaticThought": "I’ll never be able to get through this.",
        "challengeThought": "I’ve managed stressful situations before, and I can handle this too.",
        "alternativeThought": "I’ll take things one step at a time and focus on what I can control."
    },
    {
        "myThought": "I feel like nobody likes me.",
        "clarificationOfThought": "This might be influenced by social anxiety or fear of rejection.",
        "thoughtCategories": ["Mind Reading", "Personalization"],
        "automaticThought": "Everyone is avoiding me because they don’t like me.",
        "challengeThought": "I can’t know what others are thinking without evidence.",
        "alternativeThought": "Some people may like me, and I can focus on strengthening those connections."
    },
    {
        "myThought": "I’ll never be successful.",
        "clarificationOfThought": "This thought could arise from comparing yourself to others.",
        "thoughtCategories": ["Comparison", "All-or-Nothing Thinking"],
        "automaticThought": "I’m not as good as everyone else.",
        "challengeThought": "Success looks different for everyone, and I have my own journey.",
        "alternativeThought": "I’m working hard, and progress takes time."
    },
    {
        "myThought": "I feel like I’m not good enough.",
        "clarificationOfThought": "This might be due to self-criticism and unrealistic standards.",
        "thoughtCategories": ["Self-Criticism", "Magnification of the Negative"],
        "automaticThought": "I’ll never be good enough for anything.",
        "challengeThought": "Nobody is perfect, and I have strengths like everyone else.",
        "alternativeThought": "I am valuable as I am, and I can always improve with practice."
    },
    {
        "myThought": "I can’t stop worrying about the future.",
        "clarificationOfThought": "This could stem from a fear of the unknown and lack of control.",
        "thoughtCategories": ["Catastrophizing", "Fortune Telling"],
        "automaticThought": "Everything will go wrong, and I won’t be able to fix it.",
        "challengeThought": "I can’t predict the future, but I can prepare for it.",
        "alternativeThought": "I’ll focus on the present and take each day as it comes."
    },
    {
        "myThought": "I feel like I’m always behind everyone else.",
        "clarificationOfThought": "This might come from comparing your progress to others.",
        "thoughtCategories": ["Comparison", "All-or-Nothing Thinking"],
        "automaticThought": "I’m never going to catch up.",
        "challengeThought": "Everyone has their own timeline, and I’m doing my best.",
        "alternativeThought": "I can celebrate my progress and focus on my personal goals."
    },
    {
        "myThought": "I feel like everything is my fault.",
        "clarificationOfThought": "This thought could come from taking too much responsibility.",
        "thoughtCategories": ["Self-Blame", "Personalization"],
        "automaticThought": "If something goes wrong, it’s always because of me.",
        "challengeThought": "There are often multiple factors at play, not just me.",
        "alternativeThought": "I’ll focus on what I can learn instead of blaming myself."
    },
    {
        "myThought": "I feel like I’ll never be happy again.",
        "clarificationOfThought": "This thought might come from focusing only on recent negative experiences.",
        "thoughtCategories": ["Emotional Reasoning", "Catastrophizing"],
        "automaticThought": "Happiness isn’t possible for me anymore.",
        "challengeThought": "Feelings change over time, and this is just a temporary phase.",
        "alternativeThought": "I can work on small things that bring me joy every day."
    },
    {
        "myThought": "I can’t do anything right.",
        "clarificationOfThought": "This might stem from focusing only on recent mistakes.",
        "thoughtCategories": ["All-or-Nothing Thinking", "Self-Criticism"],
        "automaticThought": "I always mess things up.",
        "challengeThought": "No one gets everything right all the time.",
        "alternativeThought": "I’ve done many things right before, and I can learn from my mistakes."
    },
    {
        "myThought": "People are judging me all the time.",
        "clarificationOfThought": "This could stem from insecurity or social anxiety.",
        "thoughtCategories": ["Mind Reading", "Personalization"],
        "automaticThought": "Everyone notices all my flaws.",
        "challengeThought": "I can’t know what others are thinking without evidence.",
        "alternativeThought": "Most people are focused on themselves, not judging me."
    },
    {
        "myThought": "I’ll never be able to find love.",
        "clarificationOfThought": "This thought might come from feeling unworthy or past rejections.",
        "thoughtCategories": ["Emotional Reasoning", "Overgeneralization"],
        "automaticThought": "I’m unlovable.",
        "challengeThought": "One rejection doesn’t define my entire future.",
        "alternativeThought": "Love is possible for everyone, including me."
    },
    {
        "myThought": "Everything is falling apart.",
        "clarificationOfThought": "This could stem from viewing challenges as insurmountable.",
        "thoughtCategories": ["Catastrophizing", "All-or-Nothing Thinking"],
        "automaticThought": "Nothing is going right in my life.",
        "challengeThought": "Some things are challenging, but not everything is bad.",
        "alternativeThought": "I can focus on small wins and take things one step at a time."
    },
    {
        "myThought": "I feel like I’m a burden to everyone.",
        "clarificationOfThought": "This might stem from feelings of guilt or low self-worth.",
        "thoughtCategories": ["Self-Blame", "Personalization"],
        "automaticThought": "Everyone would be better off without me.",
        "challengeThought": "My presence and contributions matter to people who care about me.",
        "alternativeThought": "I bring value to others in my own unique way."
    }
]
